ds,status,virtual_brand_onboarding_status,count
2020-07-31,ONBOARDING_READY,VIRTUAL_BRAND_ONBOARDING_CREATED,1
2020-08-04,ONBOARDING_READY,VIRTUAL_BRAND_ONBOARDING_CREATED,1
2020-08-05,ONBOARDING_READY,VIRTUAL_BRAND_ONBOARDING_CREATED,2
2020-08-06,ONBOARDING_READY,VIRTUAL_BRAND_ONBOARDING_CREATED,1
2020-08-07,ONBOARDING_READY,VIRTUAL_BRAND_ONBOARDING_CREATED,1
2020-08-08,ONBOARDING_READY,VIRTUAL_BRAND_ONBOARDING_CREATED,2
2020-08-09,ONBOARDING_READY,VIRTUAL_BRAND_ONBOARDING_CREATED,2
2020-08-10,ONBOARDING_READY,VIRTUAL_BRAND_ONBOARDING_CREATED,2
2020-08-11,ONBOARDING_READY,VIRTUAL_BRAND_ONBOARDING_CREATED,2
2020-08-12,ONBOARDING_READY,VIRTUAL_BRAND_ONBOARDING_CREATED,2
2020-08-13,ONBOARDING_READY,VIRTUAL_BRAND_ONBOARDING_CREATED,1
2020-08-14,ONBOARDING_READY,VIRTUAL_BRAND_ONBOARDING_CREATED,4
2020-08-15,ONBOARDING_READY,VIRTUAL_BRAND_ONBOARDING_CREATED,1
2020-08-16,ONBOARDING_READY,VIRTUAL_BRAND_ONBOARDING_CREATED,2
2020-08-17,ONBOARDING_READY,VIRTUAL_BRAND_ONBOARDING_CREATED,3
2020-08-18,ONBOARDING_READY,VIRTUAL_BRAND_ONBOARDING_CREATED,4
2020-08-19,ONBOARDING_DEACTIVATED,VIRTUAL_BRAND_ONBOARDING_UNDER_REVIEW,1
2020-08-19,ONBOARDING_READY,VIRTUAL_BRAND_ONBOARDING_CREATED,4
2020-08-19,ONBOARDING_READY,VIRTUAL_BRAND_ONBOARDING_UNDER_REVIEW,1
2020-08-20,ONBOARDING_READY,VIRTUAL_BRAND_ONBOARDING_UNDER_REVIEW,3
2020-08-21,ONBOARDING_READY,VIRTUAL_BRAND_ONBOARDING_UNDER_REVIEW,3
2020-08-22,ONBOARDING_READY,VIRTUAL_BRAND_ONBOARDING_UNDER_REVIEW,5
2020-08-23,ONBOARDING_READY,VIRTUAL_BRAND_ONBOARDING_UNDER_REVIEW,2
2020-08-24,ONBOARDING_READY,VIRTUAL_BRAND_ONBOARDING_UNDER_REVIEW,1
2020-08-25,ONBOARDING_READY,VIRTUAL_BRAND_ONBOARDING_UNDER_REVIEW,1
2020-08-26,ONBOARDING_READY,VIRTUAL_BRAND_ONBOARDING_UNDER_REVIEW,4
2020-08-28,ONBOARDING_READY,VIRTUAL_BRAND_ONBOARDING_UNDER_REVIEW,2
2020-08-30,ONBOARDING_READY,VIRTUAL_BRAND_ONBOARDING_UNDER_REVIEW,2
2020-09-01,ONBOARDING_READY,VIRTUAL_BRAND_ONBOARDING_UNDER_REVIEW,4
2020-09-02,ONBOARDING_READY,VIRTUAL_BRAND_ONBOARDING_UNDER_REVIEW,3
2020-09-03,ONBOARDING_READY,VIRTUAL_BRAND_ONBOARDING_UNDER_REVIEW,5
2020-09-05,ONBOARDING_READY,VIRTUAL_BRAND_ONBOARDING_UNDER_REVIEW,1
2020-09-08,ONBOARDING_READY,VIRTUAL_BRAND_ONBOARDING_UNDER_REVIEW,1
2020-09-10,ONBOARDING_READY,VIRTUAL_BRAND_ONBOARDING_UNDER_REVIEW,1
2020-09-11,ONBOARDING_DEACTIVATED,VIRTUAL_BRAND_ONBOARDING_UNDER_REVIEW,1
2020-09-11,ONBOARDING_READY,VIRTUAL_BRAND_ONBOARDING_UNDER_REVIEW,2
2020-09-12,ONBOARDING_READY,VIRTUAL_BRAND_ONBOARDING_CREATED,1
2020-09-12,ONBOARDING_READY,VIRTUAL_BRAND_ONBOARDING_UNDER_REVIEW,2
2020-09-13,ONBOARDING_READY,VIRTUAL_BRAND_ONBOARDING_UNDER_REVIEW,1
2020-09-14,ONBOARDING_READY,VIRTUAL_BRAND_ONBOARDING_CREATED,1
2020-09-15,ONBOARDING_DEACTIVATED,VIRTUAL_BRAND_ONBOARDING_CREATED,1
2020-09-15,ONBOARDING_READY,VIRTUAL_BRAND_ONBOARDING_CREATED,2
2020-09-15,ONBOARDING_READY,VIRTUAL_BRAND_ONBOARDING_UNDER_REVIEW,6
2020-09-16,ONBOARDING_READY,VIRTUAL_BRAND_ONBOARDING_CREATED,2
2020-09-16,ONBOARDING_READY,VIRTUAL_BRAND_ONBOARDING_UNDER_REVIEW,2
2020-09-17,ONBOARDING_DEACTIVATED,VIRTUAL_BRAND_ONBOARDING_CREATED,4
2020-09-17,ONBOARDING_READY,VIRTUAL_BRAND_ONBOARDING_CREATED,2
2020-09-17,ONBOARDING_READY,VIRTUAL_BRAND_ONBOARDING_UNDER_REVIEW,2
2020-09-18,ONBOARDING_READY,VIRTUAL_BRAND_ONBOARDING_CREATED,1
2020-09-18,ONBOARDING_READY,VIRTUAL_BRAND_ONBOARDING_UNDER_REVIEW,3
2020-09-19,ONBOARDING_READY,VIRTUAL_BRAND_ONBOARDING_CREATED,1
2020-09-19,ONBOARDING_READY,VIRTUAL_BRAND_ONBOARDING_UNDER_REVIEW,1
2020-09-20,ONBOARDING_READY,VIRTUAL_BRAND_ONBOARDING_UNDER_REVIEW,4
2020-09-21,ONBOARDING_READY,VIRTUAL_BRAND_ONBOARDING_UNDER_REVIEW,4
2020-09-22,ONBOARDING_READY,VIRTUAL_BRAND_ONBOARDING_UNDER_REVIEW,1
2020-09-23,ONBOARDING_READY,VIRTUAL_BRAND_ONBOARDING_UNDER_REVIEW,1
2020-09-24,ONBOARDING_READY,VIRTUAL_BRAND_ONBOARDING_UNDER_REVIEW,7
2020-09-25,ONBOARDING_READY,VIRTUAL_BRAND_ONBOARDING_CREATED,6
2020-09-25,ONBOARDING_READY,VIRTUAL_BRAND_ONBOARDING_UNDER_REVIEW,1
2020-09-26,ONBOARDING_READY,VIRTUAL_BRAND_ONBOARDING_CREATED,6
2020-09-27,ONBOARDING_READY,VIRTUAL_BRAND_ONBOARDING_CREATED,3
2020-09-28,ONBOARDING_READY,VIRTUAL_BRAND_ONBOARDING_UNDER_REVIEW,3
2020-09-29,ONBOARDING_READY,VIRTUAL_BRAND_ONBOARDING_UNDER_REVIEW,1
2020-09-30,ONBOARDING_READY,VIRTUAL_BRAND_ONBOARDING_UNDER_REVIEW,2
2020-10-01,ONBOARDING_READY,VIRTUAL_BRAND_ONBOARDING_UNDER_REVIEW,2
2020-10-04,ONBOARDING_READY,VIRTUAL_BRAND_ONBOARDING_UNDER_REVIEW,2
2020-10-05,ONBOARDING_READY,VIRTUAL_BRAND_ONBOARDING_CREATED,2
2020-10-05,ONBOARDING_READY,VIRTUAL_BRAND_ONBOARDING_UNDER_REVIEW,3
2020-10-06,ONBOARDING_READY,VIRTUAL_BRAND_ONBOARDING_CREATED,1
2020-10-06,ONBOARDING_READY,VIRTUAL_BRAND_ONBOARDING_UNDER_REVIEW,5
2020-10-07,ONBOARDING_READY,VIRTUAL_BRAND_ONBOARDING_UNDER_REVIEW,2
2020-10-08,ONBOARDING_READY,VIRTUAL_BRAND_ONBOARDING_UNDER_REVIEW,2
2020-10-10,ONBOARDING_READY,VIRTUAL_BRAND_ONBOARDING_UNDER_REVIEW,1
2020-10-11,ONBOARDING_READY,VIRTUAL_BRAND_ONBOARDING_UNDER_REVIEW,1
2020-10-12,ONBOARDING_READY,VIRTUAL_BRAND_ONBOARDING_UNDER_REVIEW,1
2020-10-13,ONBOARDING_DEACTIVATED,VIRTUAL_BRAND_ONBOARDING_CREATED,1
2020-10-13,ONBOARDING_READY,VIRTUAL_BRAND_ONBOARDING_UNDER_REVIEW,4
2020-10-14,ONBOARDING_DEACTIVATED,VIRTUAL_BRAND_ONBOARDING_CREATED,1
2020-10-14,ONBOARDING_READY,VIRTUAL_BRAND_ONBOARDING_UNDER_REVIEW,4
2020-10-15,ONBOARDING_READY,VIRTUAL_BRAND_ONBOARDING_UNDER_REVIEW,5
2020-10-16,ONBOARDING_READY,VIRTUAL_BRAND_ONBOARDING_UNDER_REVIEW,1
2020-10-18,ONBOARDING_READY,VIRTUAL_BRAND_ONBOARDING_UNDER_REVIEW,1
2020-10-19,ONBOARDING_READY,VIRTUAL_BRAND_ONBOARDING_UNDER_REVIEW,4
2020-10-20,ONBOARDING_READY,VIRTUAL_BRAND_ONBOARDING_CREATED,1
2020-10-20,ONBOARDING_READY,VIRTUAL_BRAND_ONBOARDING_UNDER_REVIEW,2
2020-10-21,ONBOARDING_READY,VIRTUAL_BRAND_ONBOARDING_UNDER_REVIEW,1
2020-10-22,ONBOARDING_READY,VIRTUAL_BRAND_ONBOARDING_UNDER_REVIEW,2
2020-10-23,ONBOARDING_READY,VIRTUAL_BRAND_ONBOARDING_UNDER_REVIEW,1
2020-10-24,ONBOARDING_READY,VIRTUAL_BRAND_ONBOARDING_UNDER_REVIEW,2
2020-10-25,ONBOARDING_READY,VIRTUAL_BRAND_ONBOARDING_UNDER_REVIEW,1
2020-10-26,ONBOARDING_READY,VIRTUAL_BRAND_ONBOARDING_UNDER_REVIEW,4
2020-10-27,ONBOARDING_READY,VIRTUAL_BRAND_ONBOARDING_UNDER_REVIEW,1
2020-10-28,ONBOARDING_READY,VIRTUAL_BRAND_ONBOARDING_UNDER_REVIEW,2
2020-10-29,ONBOARDING_READY,VIRTUAL_BRAND_ONBOARDING_UNDER_REVIEW,1
2020-10-30,ONBOARDING_READY,VIRTUAL_BRAND_ONBOARDING_UNDER_REVIEW,3
2020-10-31,ONBOARDING_READY,VIRTUAL_BRAND_ONBOARDING_UNDER_REVIEW,2
2020-11-01,ONBOARDING_READY,VIRTUAL_BRAND_ONBOARDING_UNDER_REVIEW,4
2020-11-02,ONBOARDING_READY,VIRTUAL_BRAND_ONBOARDING_UNDER_REVIEW,4
2020-11-03,ONBOARDING_READY,VIRTUAL_BRAND_ONBOARDING_UNDER_REVIEW,1
2020-11-04,ONBOARDING_READY,VIRTUAL_BRAND_ONBOARDING_UNDER_REVIEW,2
2020-11-05,ONBOARDING_READY,VIRTUAL_BRAND_ONBOARDING_UNDER_REVIEW,4
2020-11-06,ONBOARDING_READY,VIRTUAL_BRAND_ONBOARDING_UNDER_REVIEW,2
2020-11-07,ONBOARDING_READY,VIRTUAL_BRAND_ONBOARDING_UNDER_REVIEW,1
2020-11-08,ONBOARDING_READY,VIRTUAL_BRAND_ONBOARDING_UNDER_REVIEW,1
2020-11-09,ONBOARDING_READY,VIRTUAL_BRAND_ONBOARDING_UNDER_REVIEW,2
2020-11-11,ONBOARDING_READY,VIRTUAL_BRAND_ONBOARDING_UNDER_REVIEW,3
2020-11-12,ONBOARDING_READY,VIRTUAL_BRAND_ONBOARDING_UNDER_REVIEW,2
2020-11-13,ONBOARDING_READY,VIRTUAL_BRAND_ONBOARDING_UNDER_REVIEW,1
2020-11-14,ONBOARDING_READY,VIRTUAL_BRAND_ONBOARDING_UNDER_REVIEW,4
2020-11-15,ONBOARDING_READY,VIRTUAL_BRAND_ONBOARDING_UNDER_REVIEW,2
2020-11-18,ONBOARDING_READY,VIRTUAL_BRAND_ONBOARDING_UNDER_REVIEW,3
2020-11-19,ONBOARDING_READY,VIRTUAL_BRAND_ONBOARDING_UNDER_REVIEW,2
2020-11-20,ONBOARDING_READY,VIRTUAL_BRAND_ONBOARDING_CREATED,1
2020-11-20,ONBOARDING_READY,VIRTUAL_BRAND_ONBOARDING_UNDER_REVIEW,11
2020-11-21,ONBOARDING_READY,VIRTUAL_BRAND_ONBOARDING_UNDER_REVIEW,1
2020-11-22,ONBOARDING_READY,VIRTUAL_BRAND_ONBOARDING_UNDER_REVIEW,2
2020-11-23,ONBOARDING_READY,VIRTUAL_BRAND_ONBOARDING_UNDER_REVIEW,1
2020-11-24,ONBOARDING_READY,VIRTUAL_BRAND_ONBOARDING_UNDER_REVIEW,1
2020-11-25,ONBOARDING_READY,VIRTUAL_BRAND_ONBOARDING_UNDER_REVIEW,4
2020-11-26,ONBOARDING_READY,VIRTUAL_BRAND_ONBOARDING_UNDER_REVIEW,2
2020-11-27,ONBOARDING_READY,VIRTUAL_BRAND_ONBOARDING_UNDER_REVIEW,4
2020-11-28,ONBOARDING_READY,VIRTUAL_BRAND_ONBOARDING_UNDER_REVIEW,2
2020-11-29,ONBOARDING_READY,VIRTUAL_BRAND_ONBOARDING_UNDER_REVIEW,3
2020-11-30,ONBOARDING_READY,VIRTUAL_BRAND_ONBOARDING_UNDER_REVIEW,1
2020-12-01,ONBOARDING_READY,VIRTUAL_BRAND_ONBOARDING_CREATED,1
2020-12-01,ONBOARDING_READY,VIRTUAL_BRAND_ONBOARDING_UNDER_REVIEW,10
2020-12-02,ONBOARDING_READY,VIRTUAL_BRAND_ONBOARDING_UNDER_REVIEW,4
2020-12-03,ONBOARDING_READY,VIRTUAL_BRAND_ONBOARDING_UNDER_REVIEW,1
2020-12-04,ONBOARDING_READY,VIRTUAL_BRAND_ONBOARDING_UNDER_REVIEW,3
2020-12-05,ONBOARDING_READY,VIRTUAL_BRAND_ONBOARDING_UNDER_REVIEW,3
2020-12-06,ONBOARDING_READY,VIRTUAL_BRAND_ONBOARDING_UNDER_REVIEW,5
2020-12-07,ONBOARDING_READY,VIRTUAL_BRAND_ONBOARDING_UNDER_REVIEW,3
2020-12-08,ONBOARDING_READY,VIRTUAL_BRAND_ONBOARDING_CREATED,3
2020-12-08,ONBOARDING_READY,VIRTUAL_BRAND_ONBOARDING_UNDER_REVIEW,3
2020-12-09,ONBOARDING_READY,VIRTUAL_BRAND_ONBOARDING_UNDER_REVIEW,1
2020-12-10,ONBOARDING_READY,VIRTUAL_BRAND_ONBOARDING_UNDER_REVIEW,5
2020-12-11,ONBOARDING_READY,VIRTUAL_BRAND_ONBOARDING_UNDER_REVIEW,2
2020-12-12,ONBOARDING_READY,VIRTUAL_BRAND_ONBOARDING_UNDER_REVIEW,1
2020-12-13,ONBOARDING_READY,VIRTUAL_BRAND_ONBOARDING_UNDER_REVIEW,2
2020-12-14,ONBOARDING_READY,VIRTUAL_BRAND_ONBOARDING_UNDER_REVIEW,2
2020-12-15,ONBOARDING_READY,VIRTUAL_BRAND_ONBOARDING_UNDER_REVIEW,4
2020-12-16,ONBOARDING_READY,VIRTUAL_BRAND_ONBOARDING_UNDER_REVIEW,4
2020-12-17,ONBOARDING_READY,VIRTUAL_BRAND_ONBOARDING_UNDER_REVIEW,4
2020-12-18,ONBOARDING_READY,VIRTUAL_BRAND_ONBOARDING_UNDER_REVIEW,3
2020-12-19,ONBOARDING_READY,VIRTUAL_BRAND_ONBOARDING_UNDER_REVIEW,2
2020-12-20,ONBOARDING_READY,VIRTUAL_BRAND_ONBOARDING_UNDER_REVIEW,5
2020-12-21,ONBOARDING_DEACTIVATED,VIRTUAL_BRAND_ONBOARDING_CREATED,1
2020-12-21,ONBOARDING_READY,VIRTUAL_BRAND_ONBOARDING_UNDER_REVIEW,5
2020-12-22,ONBOARDING_READY,VIRTUAL_BRAND_ONBOARDING_UNDER_REVIEW,1
2020-12-23,ONBOARDING_READY,VIRTUAL_BRAND_ONBOARDING_UNDER_REVIEW,3
2020-12-24,ONBOARDING_READY,VIRTUAL_BRAND_ONBOARDING_UNDER_REVIEW,1
2020-12-26,ONBOARDING_READY,VIRTUAL_BRAND_ONBOARDING_UNDER_REVIEW,2
2020-12-27,ONBOARDING_READY,VIRTUAL_BRAND_ONBOARDING_UNDER_REVIEW,4
2020-12-28,ONBOARDING_READY,VIRTUAL_BRAND_ONBOARDING_UNDER_REVIEW,12
2020-12-29,ONBOARDING_READY,VIRTUAL_BRAND_ONBOARDING_UNDER_REVIEW,7
2020-12-30,ONBOARDING_READY,VIRTUAL_BRAND_ONBOARDING_UNDER_REVIEW,4
2020-12-31,ONBOARDING_READY,VIRTUAL_BRAND_ONBOARDING_UNDER_REVIEW,5
2021-01-01,ONBOARDING_READY,VIRTUAL_BRAND_ONBOARDING_UNDER_REVIEW,2
2021-01-02,ONBOARDING_READY,VIRTUAL_BRAND_ONBOARDING_UNDER_REVIEW,3
2021-01-03,ONBOARDING_READY,VIRTUAL_BRAND_ONBOARDING_UNDER_REVIEW,3
2021-01-04,ONBOARDING_READY,VIRTUAL_BRAND_ONBOARDING_UNDER_REVIEW,3
2021-01-05,ONBOARDING_READY,VIRTUAL_BRAND_ONBOARDING_UNDER_REVIEW,3
2021-01-06,ONBOARDING_READY,VIRTUAL_BRAND_ONBOARDING_UNDER_REVIEW,4
2021-01-08,ONBOARDING_READY,VIRTUAL_BRAND_ONBOARDING_UNDER_REVIEW,2
2021-01-09,ONBOARDING_READY,VIRTUAL_BRAND_ONBOARDING_UNDER_REVIEW,4
2021-01-10,ONBOARDING_READY,VIRTUAL_BRAND_ONBOARDING_UNDER_REVIEW,3
2021-01-11,ONBOARDING_READY,VIRTUAL_BRAND_ONBOARDING_UNDER_REVIEW,3
2021-01-13,ONBOARDING_READY,VIRTUAL_BRAND_ONBOARDING_UNDER_REVIEW,3
2021-01-14,ONBOARDING_READY,VIRTUAL_BRAND_ONBOARDING_UNDER_REVIEW,3
2021-01-16,ONBOARDING_READY,VIRTUAL_BRAND_ONBOARDING_CREATED,1
2021-01-16,ONBOARDING_READY,VIRTUAL_BRAND_ONBOARDING_UNDER_REVIEW,2
2021-01-17,ONBOARDING_READY,VIRTUAL_BRAND_ONBOARDING_UNDER_REVIEW,6
2021-01-18,ONBOARDING_READY,VIRTUAL_BRAND_ONBOARDING_UNDER_REVIEW,2
2021-01-19,ONBOARDING_READY,VIRTUAL_BRAND_ONBOARDING_UNDER_REVIEW,1
2021-01-20,ONBOARDING_READY,VIRTUAL_BRAND_ONBOARDING_UNDER_REVIEW,2
2021-01-21,ONBOARDING_READY,VIRTUAL_BRAND_ONBOARDING_UNDER_REVIEW,5
2021-01-22,ONBOARDING_READY,VIRTUAL_BRAND_ONBOARDING_UNDER_REVIEW,3
2021-01-23,ONBOARDING_READY,VIRTUAL_BRAND_ONBOARDING_UNDER_REVIEW,4
2021-01-24,ONBOARDING_READY,VIRTUAL_BRAND_ONBOARDING_UNDER_REVIEW,1
2021-01-25,ONBOARDING_READY,VIRTUAL_BRAND_ONBOARDING_UNDER_REVIEW,6
2021-01-26,ONBOARDING_READY,VIRTUAL_BRAND_ONBOARDING_CREATED,1
2021-01-26,ONBOARDING_READY,VIRTUAL_BRAND_ONBOARDING_UNDER_REVIEW,3
2021-01-27,ONBOARDING_READY,VIRTUAL_BRAND_ONBOARDING_UNDER_REVIEW,2
2021-01-28,ONBOARDING_READY,VIRTUAL_BRAND_ONBOARDING_UNDER_REVIEW,5
2021-01-29,ONBOARDING_READY,VIRTUAL_BRAND_ONBOARDING_UNDER_REVIEW,6
2021-01-30,ONBOARDING_READY,VIRTUAL_BRAND_ONBOARDING_UNDER_REVIEW,3
2021-01-31,ONBOARDING_READY,VIRTUAL_BRAND_ONBOARDING_UNDER_REVIEW,2
2021-02-01,ONBOARDING_READY,VIRTUAL_BRAND_ONBOARDING_UNDER_REVIEW,4
2021-02-02,ONBOARDING_READY,VIRTUAL_BRAND_ONBOARDING_UNDER_REVIEW,1
2021-02-03,ONBOARDING_READY,VIRTUAL_BRAND_ONBOARDING_UNDER_REVIEW,2
2021-02-04,ONBOARDING_READY,VIRTUAL_BRAND_ONBOARDING_UNDER_REVIEW,4
2021-02-05,ONBOARDING_READY,VIRTUAL_BRAND_ONBOARDING_UNDER_REVIEW,3
2021-02-06,ONBOARDING_READY,VIRTUAL_BRAND_ONBOARDING_UNDER_REVIEW,4
2021-02-07,ONBOARDING_READY,VIRTUAL_BRAND_ONBOARDING_UNDER_REVIEW,3
2021-02-08,ONBOARDING_READY,VIRTUAL_BRAND_ONBOARDING_UNDER_REVIEW,2
2021-02-09,ONBOARDING_READY,VIRTUAL_BRAND_ONBOARDING_UNDER_REVIEW,3
2021-02-10,ONBOARDING_READY,VIRTUAL_BRAND_ONBOARDING_UNDER_REVIEW,4
2021-02-11,ONBOARDING_READY,VIRTUAL_BRAND_ONBOARDING_UNDER_REVIEW,3
2021-02-12,ONBOARDING_READY,VIRTUAL_BRAND_ONBOARDING_UNDER_REVIEW,2
2021-02-13,ONBOARDING_READY,VIRTUAL_BRAND_ONBOARDING_UNDER_REVIEW,3
2021-02-14,ONBOARDING_READY,VIRTUAL_BRAND_ONBOARDING_UNDER_REVIEW,3
2021-02-16,ONBOARDING_READY,VIRTUAL_BRAND_ONBOARDING_UNDER_REVIEW,1
2021-02-17,ONBOARDING_READY,VIRTUAL_BRAND_ONBOARDING_UNDER_REVIEW,2
2021-02-18,ONBOARDING_READY,VIRTUAL_BRAND_ONBOARDING_UNDER_REVIEW,3
2021-02-19,ONBOARDING_READY,VIRTUAL_BRAND_ONBOARDING_UNDER_REVIEW,2
2021-02-20,ONBOARDING_READY,VIRTUAL_BRAND_ONBOARDING_UNDER_REVIEW,3
2021-02-21,ONBOARDING_READY,VIRTUAL_BRAND_ONBOARDING_UNDER_REVIEW,4
2021-02-22,ONBOARDING_READY,VIRTUAL_BRAND_ONBOARDING_UNDER_REVIEW,4
2021-02-23,ONBOARDING_READY,VIRTUAL_BRAND_ONBOARDING_UNDER_REVIEW,3
2021-02-24,ONBOARDING_READY,VIRTUAL_BRAND_ONBOARDING_UNDER_REVIEW,3
2021-02-25,ONBOARDING_READY,VIRTUAL_BRAND_ONBOARDING_UNDER_REVIEW,2
2021-02-26,ONBOARDING_READY,VIRTUAL_BRAND_ONBOARDING_UNDER_REVIEW,1
2021-02-27,ONBOARDING_READY,VIRTUAL_BRAND_ONBOARDING_UNDER_REVIEW,3
2021-02-28,ONBOARDING_READY,VIRTUAL_BRAND_ONBOARDING_UNDER_REVIEW,3
2021-03-01,ONBOARDING_READY,VIRTUAL_BRAND_ONBOARDING_UNDER_REVIEW,1
2021-03-03,ONBOARDING_READY,VIRTUAL_BRAND_ONBOARDING_UNDER_REVIEW,1
2021-03-06,ONBOARDING_READY,VIRTUAL_BRAND_ONBOARDING_UNDER_REVIEW,2
2021-03-08,ONBOARDING_READY,VIRTUAL_BRAND_ONBOARDING_UNDER_REVIEW,3
2021-03-09,ONBOARDING_READY,VIRTUAL_BRAND_ONBOARDING_UNDER_REVIEW,1
2021-03-10,ONBOARDING_READY,VIRTUAL_BRAND_ONBOARDING_APPROVED,1
2021-03-10,ONBOARDING_READY,VIRTUAL_BRAND_ONBOARDING_CREATED,5
2021-03-10,ONBOARDING_READY,VIRTUAL_BRAND_ONBOARDING_UNDER_REVIEW,3
2021-03-11,ONBOARDING_READY,VIRTUAL_BRAND_ONBOARDING_CREATED,1
2021-03-11,ONBOARDING_READY,VIRTUAL_BRAND_ONBOARDING_UNDER_REVIEW,1
2021-03-12,ONBOARDING_READY,VIRTUAL_BRAND_ONBOARDING_UNDER_REVIEW,1
2021-03-13,ONBOARDING_READY,VIRTUAL_BRAND_ONBOARDING_UNDER_REVIEW,3
2021-03-16,ONBOARDING_READY,VIRTUAL_BRAND_ONBOARDING_UNDER_REVIEW,1
2021-03-17,ONBOARDING_READY,VIRTUAL_BRAND_ONBOARDING_UNDER_REVIEW,2
2021-03-22,ONBOARDING_READY,VIRTUAL_BRAND_ONBOARDING_UNDER_REVIEW,3
2021-03-23,ONBOARDING_READY,VIRTUAL_BRAND_ONBOARDING_UNDER_REVIEW,1
2021-03-24,ONBOARDING_READY,VIRTUAL_BRAND_ONBOARDING_UNDER_REVIEW,2
2021-03-25,ONBOARDING_READY,VIRTUAL_BRAND_ONBOARDING_UNDER_REVIEW,5
2021-03-26,ONBOARDING_READY,VIRTUAL_BRAND_ONBOARDING_UNDER_REVIEW,2
2021-03-28,ONBOARDING_READY,VIRTUAL_BRAND_ONBOARDING_CREATED,1
2021-03-29,ONBOARDING_READY,VIRTUAL_BRAND_ONBOARDING_CREATED,3
2021-03-29,ONBOARDING_READY,VIRTUAL_BRAND_ONBOARDING_UNDER_REVIEW,1
2021-03-30,ONBOARDING_DEACTIVATED,VIRTUAL_BRAND_ONBOARDING_CREATED,3
2021-03-30,ONBOARDING_READY,VIRTUAL_BRAND_ONBOARDING_CREATED,6
2021-03-31,ONBOARDING_READY,VIRTUAL_BRAND_ONBOARDING_CREATED,1
2021-03-31,ONBOARDING_READY,VIRTUAL_BRAND_ONBOARDING_UNDER_REVIEW,1
2021-04-01,ONBOARDING_READY,VIRTUAL_BRAND_ONBOARDING_APPROVED,2
2021-04-01,ONBOARDING_READY,VIRTUAL_BRAND_ONBOARDING_CREATED,17
2021-04-01,ONBOARDING_READY,VIRTUAL_BRAND_ONBOARDING_UNDER_REVIEW,3
2021-04-02,ONBOARDING_READY,VIRTUAL_BRAND_ONBOARDING_APPROVED,9
2021-04-02,ONBOARDING_READY,VIRTUAL_BRAND_ONBOARDING_CREATED,69
2021-04-02,ONBOARDING_READY,VIRTUAL_BRAND_ONBOARDING_UNDER_REVIEW,15
2021-04-03,ONBOARDING_READY,VIRTUAL_BRAND_ONBOARDING_APPROVED,1
2021-04-03,ONBOARDING_READY,VIRTUAL_BRAND_ONBOARDING_CREATED,5
2021-04-03,ONBOARDING_READY,VIRTUAL_BRAND_ONBOARDING_UNDER_REVIEW,5
2021-04-04,ONBOARDING_READY,VIRTUAL_BRAND_ONBOARDING_UNDER_REVIEW,4
2021-04-05,ONBOARDING_READY,VIRTUAL_BRAND_ONBOARDING_APPROVED,10
2021-04-05,ONBOARDING_READY,VIRTUAL_BRAND_ONBOARDING_COMPLETED,1
2021-04-05,ONBOARDING_READY,VIRTUAL_BRAND_ONBOARDING_CREATED,41
2021-04-05,ONBOARDING_READY,VIRTUAL_BRAND_ONBOARDING_UNDER_REVIEW,8
2021-04-06,ONBOARDING_READY,VIRTUAL_BRAND_ONBOARDING_APPROVED,14
2021-04-06,ONBOARDING_READY,VIRTUAL_BRAND_ONBOARDING_CREATED,37
2021-04-06,ONBOARDING_READY,VIRTUAL_BRAND_ONBOARDING_STARTED,1
2021-04-06,ONBOARDING_READY,VIRTUAL_BRAND_ONBOARDING_UNDER_REVIEW,7
2021-04-07,ONBOARDING_READY,VIRTUAL_BRAND_ONBOARDING_APPROVED,16
2021-04-07,ONBOARDING_READY,VIRTUAL_BRAND_ONBOARDING_CHANGES_REQUESTED,1
2021-04-07,ONBOARDING_READY,VIRTUAL_BRAND_ONBOARDING_CREATED,48
2021-04-07,ONBOARDING_READY,VIRTUAL_BRAND_ONBOARDING_STARTED,1
2021-04-07,ONBOARDING_READY,VIRTUAL_BRAND_ONBOARDING_UNDER_REVIEW,12
2021-04-08,ONBOARDING_READY,VIRTUAL_BRAND_ONBOARDING_APPROVED,4
2021-04-08,ONBOARDING_READY,VIRTUAL_BRAND_ONBOARDING_CREATED,31
2021-04-08,ONBOARDING_READY,VIRTUAL_BRAND_ONBOARDING_UNDER_REVIEW,20
2021-04-09,ONBOARDING_READY,VIRTUAL_BRAND_ONBOARDING_APPROVED,9
2021-04-09,ONBOARDING_READY,VIRTUAL_BRAND_ONBOARDING_CREATED,66
2021-04-09,ONBOARDING_READY,VIRTUAL_BRAND_ONBOARDING_UNDER_REVIEW,15
2021-04-10,ONBOARDING_READY,VIRTUAL_BRAND_ONBOARDING_CREATED,4
2021-04-10,ONBOARDING_READY,VIRTUAL_BRAND_ONBOARDING_UNDER_REVIEW,2
2021-04-11,ONBOARDING_READY,VIRTUAL_BRAND_ONBOARDING_CREATED,2
2021-04-12,ONBOARDING_READY,VIRTUAL_BRAND_ONBOARDING_APPROVED,18
2021-04-12,ONBOARDING_READY,VIRTUAL_BRAND_ONBOARDING_CHANGES_REQUESTED,1
2021-04-12,ONBOARDING_READY,VIRTUAL_BRAND_ONBOARDING_CREATED,25
2021-04-12,ONBOARDING_READY,VIRTUAL_BRAND_ONBOARDING_STARTED,2
2021-04-12,ONBOARDING_READY,VIRTUAL_BRAND_ONBOARDING_UNDER_REVIEW,9
2021-04-13,ONBOARDING_READY,VIRTUAL_BRAND_ONBOARDING_APPROVED,13
2021-04-13,ONBOARDING_READY,VIRTUAL_BRAND_ONBOARDING_COMPLETED,2
2021-04-13,ONBOARDING_READY,VIRTUAL_BRAND_ONBOARDING_CREATED,57
2021-04-13,ONBOARDING_READY,VIRTUAL_BRAND_ONBOARDING_STARTED,2
2021-04-13,ONBOARDING_READY,VIRTUAL_BRAND_ONBOARDING_UNDER_REVIEW,14
2021-04-14,ONBOARDING_READY,VIRTUAL_BRAND_ONBOARDING_APPROVED,18
2021-04-14,ONBOARDING_READY,VIRTUAL_BRAND_ONBOARDING_CREATED,42
2021-04-14,ONBOARDING_READY,VIRTUAL_BRAND_ONBOARDING_STARTED,2
2021-04-14,ONBOARDING_READY,VIRTUAL_BRAND_ONBOARDING_UNDER_REVIEW,12
2021-04-15,ONBOARDING_READY,VIRTUAL_BRAND_ONBOARDING_APPROVED,18
2021-04-15,ONBOARDING_READY,VIRTUAL_BRAND_ONBOARDING_CHANGES_REQUESTED,1
2021-04-15,ONBOARDING_READY,VIRTUAL_BRAND_ONBOARDING_CREATED,41
2021-04-15,ONBOARDING_READY,VIRTUAL_BRAND_ONBOARDING_STARTED,2
2021-04-15,ONBOARDING_READY,VIRTUAL_BRAND_ONBOARDING_UNDER_REVIEW,8
2021-04-16,ONBOARDING_DEACTIVATED,VIRTUAL_BRAND_ONBOARDING_CREATED,1
2021-04-16,ONBOARDING_READY,VIRTUAL_BRAND_ONBOARDING_APPROVED,13
2021-04-16,ONBOARDING_READY,VIRTUAL_BRAND_ONBOARDING_CREATED,18
2021-04-16,ONBOARDING_READY,VIRTUAL_BRAND_ONBOARDING_UNDER_REVIEW,3
2021-04-17,ONBOARDING_READY,VIRTUAL_BRAND_ONBOARDING_APPROVED,2
2021-04-17,ONBOARDING_READY,VIRTUAL_BRAND_ONBOARDING_CREATED,2
2021-04-17,ONBOARDING_READY,VIRTUAL_BRAND_ONBOARDING_UNDER_REVIEW,2
2021-04-18,ONBOARDING_READY,VIRTUAL_BRAND_ONBOARDING_UNDER_REVIEW,3
2021-04-19,ONBOARDING_READY,VIRTUAL_BRAND_ONBOARDING_APPROVED,6
2021-04-19,ONBOARDING_READY,VIRTUAL_BRAND_ONBOARDING_CREATED,18
2021-04-19,ONBOARDING_READY,VIRTUAL_BRAND_ONBOARDING_UNDER_REVIEW,6
2021-04-20,ONBOARDING_READY,VIRTUAL_BRAND_ONBOARDING_APPROVED,8
2021-04-20,ONBOARDING_READY,VIRTUAL_BRAND_ONBOARDING_CREATED,47
2021-04-20,ONBOARDING_READY,VIRTUAL_BRAND_ONBOARDING_UNDER_REVIEW,7
2021-04-21,ONBOARDING_READY,VIRTUAL_BRAND_ONBOARDING_APPROVED,10
2021-04-21,ONBOARDING_READY,VIRTUAL_BRAND_ONBOARDING_COMPLETED,1
2021-04-21,ONBOARDING_READY,VIRTUAL_BRAND_ONBOARDING_CREATED,64
2021-04-21,ONBOARDING_READY,VIRTUAL_BRAND_ONBOARDING_UNDER_REVIEW,13
2021-04-22,ONBOARDING_READY,VIRTUAL_BRAND_ONBOARDING_APPROVED,24
2021-04-22,ONBOARDING_READY,VIRTUAL_BRAND_ONBOARDING_CREATED,80
2021-04-22,ONBOARDING_READY,VIRTUAL_BRAND_ONBOARDING_STARTED,1
2021-04-22,ONBOARDING_READY,VIRTUAL_BRAND_ONBOARDING_UNDER_REVIEW,28
2021-04-23,ONBOARDING_READY,VIRTUAL_BRAND_ONBOARDING_APPROVED,5
2021-04-23,ONBOARDING_READY,VIRTUAL_BRAND_ONBOARDING_CREATED,52
2021-04-23,ONBOARDING_READY,VIRTUAL_BRAND_ONBOARDING_STARTED,2
2021-04-23,ONBOARDING_READY,VIRTUAL_BRAND_ONBOARDING_UNDER_REVIEW,23
2021-04-24,ONBOARDING_READY,VIRTUAL_BRAND_ONBOARDING_CREATED,1
2021-04-24,ONBOARDING_READY,VIRTUAL_BRAND_ONBOARDING_STARTED,1
2021-04-26,ONBOARDING_READY,VIRTUAL_BRAND_ONBOARDING_APPROVED,13
2021-04-26,ONBOARDING_READY,VIRTUAL_BRAND_ONBOARDING_CREATED,28
2021-04-26,ONBOARDING_READY,VIRTUAL_BRAND_ONBOARDING_STARTED,1
2021-04-26,ONBOARDING_READY,VIRTUAL_BRAND_ONBOARDING_UNDER_REVIEW,3
2021-04-27,ONBOARDING_READY,VIRTUAL_BRAND_ONBOARDING_APPROVED,26
2021-04-27,ONBOARDING_READY,VIRTUAL_BRAND_ONBOARDING_CHANGES_REQUESTED,1
2021-04-27,ONBOARDING_READY,VIRTUAL_BRAND_ONBOARDING_COMPLETED,1
2021-04-27,ONBOARDING_READY,VIRTUAL_BRAND_ONBOARDING_CREATED,58
2021-04-27,ONBOARDING_READY,VIRTUAL_BRAND_ONBOARDING_STARTED,1
2021-04-27,ONBOARDING_READY,VIRTUAL_BRAND_ONBOARDING_UNDER_REVIEW,8
2021-04-28,ONBOARDING_READY,VIRTUAL_BRAND_ONBOARDING_APPROVED,35
2021-04-28,ONBOARDING_READY,VIRTUAL_BRAND_ONBOARDING_CHANGES_REQUESTED,3
2021-04-28,ONBOARDING_READY,VIRTUAL_BRAND_ONBOARDING_CREATED,42
2021-04-28,ONBOARDING_READY,VIRTUAL_BRAND_ONBOARDING_UNDER_REVIEW,21
2021-04-29,ONBOARDING_DEACTIVATED,VIRTUAL_BRAND_ONBOARDING_CREATED,6
2021-04-29,ONBOARDING_READY,VIRTUAL_BRAND_ONBOARDING_APPROVED,14
2021-04-29,ONBOARDING_READY,VIRTUAL_BRAND_ONBOARDING_CHANGES_REQUESTED,2
2021-04-29,ONBOARDING_READY,VIRTUAL_BRAND_ONBOARDING_CREATED,65
2021-04-29,ONBOARDING_READY,VIRTUAL_BRAND_ONBOARDING_STARTED,2
2021-04-29,ONBOARDING_READY,VIRTUAL_BRAND_ONBOARDING_UNDER_REVIEW,14
2021-04-30,ONBOARDING_DEACTIVATED,VIRTUAL_BRAND_ONBOARDING_CREATED,1
2021-04-30,ONBOARDING_READY,VIRTUAL_BRAND_ONBOARDING_APPROVED,17
2021-04-30,ONBOARDING_READY,VIRTUAL_BRAND_ONBOARDING_CHANGES_REQUESTED,1
2021-04-30,ONBOARDING_READY,VIRTUAL_BRAND_ONBOARDING_CREATED,50
2021-04-30,ONBOARDING_READY,VIRTUAL_BRAND_ONBOARDING_STARTED,1
2021-04-30,ONBOARDING_READY,VIRTUAL_BRAND_ONBOARDING_UNDER_REVIEW,8
2021-05-01,ONBOARDING_READY,VIRTUAL_BRAND_ONBOARDING_CREATED,6
2021-05-02,ONBOARDING_READY,VIRTUAL_BRAND_ONBOARDING_UNDER_REVIEW,7
2021-05-03,ONBOARDING_READY,VIRTUAL_BRAND_ONBOARDING_APPROVED,13
2021-05-03,ONBOARDING_READY,VIRTUAL_BRAND_ONBOARDING_CREATED,17
2021-05-03,ONBOARDING_READY,VIRTUAL_BRAND_ONBOARDING_UNDER_REVIEW,11
2021-05-04,ONBOARDING_READY,VIRTUAL_BRAND_ONBOARDING_APPROVED,3
2021-05-04,ONBOARDING_READY,VIRTUAL_BRAND_ONBOARDING_CREATED,46
2021-05-04,ONBOARDING_READY,VIRTUAL_BRAND_ONBOARDING_UNDER_REVIEW,8
2021-05-05,ONBOARDING_READY,VIRTUAL_BRAND_ONBOARDING_APPROVED,19
2021-05-05,ONBOARDING_READY,VIRTUAL_BRAND_ONBOARDING_CREATED,57
2021-05-05,ONBOARDING_READY,VIRTUAL_BRAND_ONBOARDING_UNDER_REVIEW,6
2021-05-06,ONBOARDING_READY,VIRTUAL_BRAND_ONBOARDING_APPROVED,11
2021-05-06,ONBOARDING_READY,VIRTUAL_BRAND_ONBOARDING_COMPLETED,1
2021-05-06,ONBOARDING_READY,VIRTUAL_BRAND_ONBOARDING_CREATED,64
2021-05-06,ONBOARDING_READY,VIRTUAL_BRAND_ONBOARDING_STARTED,6
2021-05-06,ONBOARDING_READY,VIRTUAL_BRAND_ONBOARDING_UNDER_REVIEW,12
2021-05-07,ONBOARDING_READY,VIRTUAL_BRAND_ONBOARDING_APPROVED,3
2021-05-07,ONBOARDING_READY,VIRTUAL_BRAND_ONBOARDING_CREATED,10
2021-05-07,ONBOARDING_READY,VIRTUAL_BRAND_ONBOARDING_UNDER_REVIEW,7
2021-05-08,ONBOARDING_READY,VIRTUAL_BRAND_ONBOARDING_CREATED,1
2021-05-09,ONBOARDING_READY,VIRTUAL_BRAND_ONBOARDING_UNDER_REVIEW,1
2021-05-10,ONBOARDING_READY,VIRTUAL_BRAND_ONBOARDING_APPROVED,15
2021-05-10,ONBOARDING_READY,VIRTUAL_BRAND_ONBOARDING_CHANGES_REQUESTED,2
2021-05-10,ONBOARDING_READY,VIRTUAL_BRAND_ONBOARDING_CREATED,31
2021-05-10,ONBOARDING_READY,VIRTUAL_BRAND_ONBOARDING_UNDER_REVIEW,3
2021-05-11,ONBOARDING_READY,VIRTUAL_BRAND_ONBOARDING_APPROVED,15
2021-05-11,ONBOARDING_READY,VIRTUAL_BRAND_ONBOARDING_CHANGES_REQUESTED,1
2021-05-11,ONBOARDING_READY,VIRTUAL_BRAND_ONBOARDING_CREATED,77
2021-05-11,ONBOARDING_READY,VIRTUAL_BRAND_ONBOARDING_UNDER_REVIEW,7
2021-05-12,ONBOARDING_READY,VIRTUAL_BRAND_ONBOARDING_APPROVED,29
2021-05-12,ONBOARDING_READY,VIRTUAL_BRAND_ONBOARDING_CHANGES_REQUESTED,1
2021-05-12,ONBOARDING_READY,VIRTUAL_BRAND_ONBOARDING_CREATED,28
2021-05-12,ONBOARDING_READY,VIRTUAL_BRAND_ONBOARDING_UNDER_REVIEW,13
2021-05-13,ONBOARDING_READY,VIRTUAL_BRAND_ONBOARDING_APPROVED,18
2021-05-13,ONBOARDING_READY,VIRTUAL_BRAND_ONBOARDING_COMPLETED,1
2021-05-13,ONBOARDING_READY,VIRTUAL_BRAND_ONBOARDING_CREATED,37
2021-05-13,ONBOARDING_READY,VIRTUAL_BRAND_ONBOARDING_UNDER_REVIEW,10
2021-05-14,ONBOARDING_DEACTIVATED,VIRTUAL_BRAND_ONBOARDING_CREATED,1
2021-05-14,ONBOARDING_READY,VIRTUAL_BRAND_ONBOARDING_APPROVED,13
2021-05-14,ONBOARDING_READY,VIRTUAL_BRAND_ONBOARDING_CREATED,29
2021-05-14,ONBOARDING_READY,VIRTUAL_BRAND_ONBOARDING_UNDER_REVIEW,8
2021-05-15,ONBOARDING_READY,VIRTUAL_BRAND_ONBOARDING_CREATED,1
2021-05-16,ONBOARDING_READY,VIRTUAL_BRAND_ONBOARDING_APPROVED,1
2021-05-17,ONBOARDING_READY,VIRTUAL_BRAND_ONBOARDING_APPROVED,24
2021-05-17,ONBOARDING_READY,VIRTUAL_BRAND_ONBOARDING_CREATED,36
2021-05-17,ONBOARDING_READY,VIRTUAL_BRAND_ONBOARDING_UNDER_REVIEW,7
2021-05-18,ONBOARDING_READY,VIRTUAL_BRAND_ONBOARDING_APPROVED,25
2021-05-18,ONBOARDING_READY,VIRTUAL_BRAND_ONBOARDING_CHANGES_REQUESTED,1
2021-05-18,ONBOARDING_READY,VIRTUAL_BRAND_ONBOARDING_COMPLETED,1
2021-05-18,ONBOARDING_READY,VIRTUAL_BRAND_ONBOARDING_CREATED,56
2021-05-18,ONBOARDING_READY,VIRTUAL_BRAND_ONBOARDING_UNDER_REVIEW,5
2021-05-19,ONBOARDING_READY,VIRTUAL_BRAND_ONBOARDING_APPROVED,14
2021-05-19,ONBOARDING_READY,VIRTUAL_BRAND_ONBOARDING_CHANGES_REQUESTED,1
2021-05-19,ONBOARDING_READY,VIRTUAL_BRAND_ONBOARDING_CREATED,44
2021-05-19,ONBOARDING_READY,VIRTUAL_BRAND_ONBOARDING_UNDER_REVIEW,10
2021-05-20,ONBOARDING_READY,VIRTUAL_BRAND_ONBOARDING_APPROVED,14
2021-05-20,ONBOARDING_READY,VIRTUAL_BRAND_ONBOARDING_CHANGES_REQUESTED,1
2021-05-20,ONBOARDING_READY,VIRTUAL_BRAND_ONBOARDING_CREATED,57
2021-05-20,ONBOARDING_READY,VIRTUAL_BRAND_ONBOARDING_UNDER_REVIEW,4
2021-05-21,ONBOARDING_READY,VIRTUAL_BRAND_ONBOARDING_APPROVED,16
2021-05-21,ONBOARDING_READY,VIRTUAL_BRAND_ONBOARDING_CHANGES_REQUESTED,1
2021-05-21,ONBOARDING_READY,VIRTUAL_BRAND_ONBOARDING_COMPLETED,6
2021-05-21,ONBOARDING_READY,VIRTUAL_BRAND_ONBOARDING_CREATED,36
2021-05-21,ONBOARDING_READY,VIRTUAL_BRAND_ONBOARDING_UNDER_REVIEW,5
2021-05-22,ONBOARDING_READY,VIRTUAL_BRAND_ONBOARDING_CREATED,1
2021-05-23,ONBOARDING_READY,VIRTUAL_BRAND_ONBOARDING_CHANGES_REQUESTED,1
2021-05-24,ONBOARDING_READY,VIRTUAL_BRAND_ONBOARDING_APPROVED,12
2021-05-24,ONBOARDING_READY,VIRTUAL_BRAND_ONBOARDING_CHANGES_REQUESTED,1
2021-05-24,ONBOARDING_READY,VIRTUAL_BRAND_ONBOARDING_CREATED,40
2021-05-24,ONBOARDING_READY,VIRTUAL_BRAND_ONBOARDING_UNDER_REVIEW,2
2021-05-25,ONBOARDING_READY,VIRTUAL_BRAND_ONBOARDING_APPROVED,4
2021-05-25,ONBOARDING_READY,VIRTUAL_BRAND_ONBOARDING_CREATED,39
2021-05-25,ONBOARDING_READY,VIRTUAL_BRAND_ONBOARDING_UNDER_REVIEW,8
2021-05-26,ONBOARDING_READY,VIRTUAL_BRAND_ONBOARDING_APPROVED,11
2021-05-26,ONBOARDING_READY,VIRTUAL_BRAND_ONBOARDING_COMPLETED,1
2021-05-26,ONBOARDING_READY,VIRTUAL_BRAND_ONBOARDING_CREATED,40
2021-05-26,ONBOARDING_READY,VIRTUAL_BRAND_ONBOARDING_UNDER_REVIEW,7
2021-05-27,ONBOARDING_READY,VIRTUAL_BRAND_ONBOARDING_APPROVED,10
2021-05-27,ONBOARDING_READY,VIRTUAL_BRAND_ONBOARDING_CHANGES_REQUESTED,1
2021-05-27,ONBOARDING_READY,VIRTUAL_BRAND_ONBOARDING_COMPLETED,2
2021-05-27,ONBOARDING_READY,VIRTUAL_BRAND_ONBOARDING_CREATED,20
2021-05-27,ONBOARDING_READY,VIRTUAL_BRAND_ONBOARDING_STARTED,1
2021-05-27,ONBOARDING_READY,VIRTUAL_BRAND_ONBOARDING_UNDER_REVIEW,5
2021-05-28,ONBOARDING_READY,VIRTUAL_BRAND_ONBOARDING_APPROVED,2
2021-05-28,ONBOARDING_READY,VIRTUAL_BRAND_ONBOARDING_CREATED,25
2021-05-28,ONBOARDING_READY,VIRTUAL_BRAND_ONBOARDING_UNDER_REVIEW,5
2021-05-29,ONBOARDING_READY,VIRTUAL_BRAND_ONBOARDING_UNDER_REVIEW,2
2021-05-31,ONBOARDING_READY,VIRTUAL_BRAND_ONBOARDING_APPROVED,1
2021-05-31,ONBOARDING_READY,VIRTUAL_BRAND_ONBOARDING_CREATED,4
2021-05-31,ONBOARDING_READY,VIRTUAL_BRAND_ONBOARDING_UNDER_REVIEW,1
2021-06-01,ONBOARDING_READY,VIRTUAL_BRAND_ONBOARDING_APPROVED,4
2021-06-01,ONBOARDING_READY,VIRTUAL_BRAND_ONBOARDING_CREATED,12
2021-06-01,ONBOARDING_READY,VIRTUAL_BRAND_ONBOARDING_UNDER_REVIEW,5
2021-06-02,ONBOARDING_READY,VIRTUAL_BRAND_ONBOARDING_APPROVED,2
2021-06-02,ONBOARDING_READY,VIRTUAL_BRAND_ONBOARDING_CREATED,24
2021-06-02,ONBOARDING_READY,VIRTUAL_BRAND_ONBOARDING_UNDER_REVIEW,9
2021-06-03,ONBOARDING_READY,VIRTUAL_BRAND_ONBOARDING_APPROVED,12
2021-06-03,ONBOARDING_READY,VIRTUAL_BRAND_ONBOARDING_COMPLETED,2
2021-06-03,ONBOARDING_READY,VIRTUAL_BRAND_ONBOARDING_CREATED,11
2021-06-03,ONBOARDING_READY,VIRTUAL_BRAND_ONBOARDING_STARTED,1
2021-06-03,ONBOARDING_READY,VIRTUAL_BRAND_ONBOARDING_UNDER_REVIEW,8
2021-06-04,ONBOARDING_READY,VIRTUAL_BRAND_ONBOARDING_APPROVED,9
2021-06-04,ONBOARDING_READY,VIRTUAL_BRAND_ONBOARDING_COMPLETED,1
2021-06-04,ONBOARDING_READY,VIRTUAL_BRAND_ONBOARDING_CREATED,6
2021-06-04,ONBOARDING_READY,VIRTUAL_BRAND_ONBOARDING_UNDER_REVIEW,4
2021-06-06,ONBOARDING_READY,VIRTUAL_BRAND_ONBOARDING_UNDER_REVIEW,1
2021-06-07,ONBOARDING_READY,VIRTUAL_BRAND_ONBOARDING_APPROVED,5
2021-06-07,ONBOARDING_READY,VIRTUAL_BRAND_ONBOARDING_COMPLETED,1
2021-06-07,ONBOARDING_READY,VIRTUAL_BRAND_ONBOARDING_CREATED,13
2021-06-07,ONBOARDING_READY,VIRTUAL_BRAND_ONBOARDING_UNDER_REVIEW,10
2021-06-08,ONBOARDING_READY,VIRTUAL_BRAND_ONBOARDING_APPROVED,10
2021-06-08,ONBOARDING_READY,VIRTUAL_BRAND_ONBOARDING_CHANGES_REQUESTED,1
2021-06-08,ONBOARDING_READY,VIRTUAL_BRAND_ONBOARDING_CREATED,9
2021-06-08,ONBOARDING_READY,VIRTUAL_BRAND_ONBOARDING_UNDER_REVIEW,13
2021-06-09,ONBOARDING_READY,VIRTUAL_BRAND_ONBOARDING_APPROVED,6
2021-06-09,ONBOARDING_READY,VIRTUAL_BRAND_ONBOARDING_CREATED,21
2021-06-09,ONBOARDING_READY,VIRTUAL_BRAND_ONBOARDING_UNDER_REVIEW,14
2021-06-10,ONBOARDING_READY,VIRTUAL_BRAND_ONBOARDING_APPROVED,8
2021-06-10,ONBOARDING_READY,VIRTUAL_BRAND_ONBOARDING_COMPLETED,2
2021-06-10,ONBOARDING_READY,VIRTUAL_BRAND_ONBOARDING_CREATED,25
2021-06-10,ONBOARDING_READY,VIRTUAL_BRAND_ONBOARDING_UNDER_REVIEW,6
2021-06-11,ONBOARDING_READY,VIRTUAL_BRAND_ONBOARDING_APPROVED,5
2021-06-11,ONBOARDING_READY,VIRTUAL_BRAND_ONBOARDING_CREATED,15
2021-06-11,ONBOARDING_READY,VIRTUAL_BRAND_ONBOARDING_UNDER_REVIEW,2
2021-06-13,ONBOARDING_READY,VIRTUAL_BRAND_ONBOARDING_UNDER_REVIEW,1
2021-06-14,ONBOARDING_READY,VIRTUAL_BRAND_ONBOARDING_APPROVED,5
2021-06-14,ONBOARDING_READY,VIRTUAL_BRAND_ONBOARDING_COMPLETED,4
2021-06-14,ONBOARDING_READY,VIRTUAL_BRAND_ONBOARDING_CREATED,29
2021-06-14,ONBOARDING_READY,VIRTUAL_BRAND_ONBOARDING_UNDER_REVIEW,2
2021-06-15,ONBOARDING_READY,VIRTUAL_BRAND_ONBOARDING_APPROVED,10
2021-06-15,ONBOARDING_READY,VIRTUAL_BRAND_ONBOARDING_CREATED,12
2021-06-15,ONBOARDING_READY,VIRTUAL_BRAND_ONBOARDING_UNDER_REVIEW,1
2021-06-16,ONBOARDING_READY,VIRTUAL_BRAND_ONBOARDING_APPROVED,11
2021-06-16,ONBOARDING_READY,VIRTUAL_BRAND_ONBOARDING_COMPLETED,1
2021-06-16,ONBOARDING_READY,VIRTUAL_BRAND_ONBOARDING_CREATED,26
2021-06-16,ONBOARDING_READY,VIRTUAL_BRAND_ONBOARDING_UNDER_REVIEW,9
2021-06-17,ONBOARDING_READY,VIRTUAL_BRAND_ONBOARDING_APPROVED,8
2021-06-17,ONBOARDING_READY,VIRTUAL_BRAND_ONBOARDING_COMPLETED,1
2021-06-17,ONBOARDING_READY,VIRTUAL_BRAND_ONBOARDING_CREATED,19
2021-06-17,ONBOARDING_READY,VIRTUAL_BRAND_ONBOARDING_STARTED,1
2021-06-17,ONBOARDING_READY,VIRTUAL_BRAND_ONBOARDING_UNDER_REVIEW,8
2021-06-18,ONBOARDING_READY,VIRTUAL_BRAND_ONBOARDING_APPROVED,1
2021-06-18,ONBOARDING_READY,VIRTUAL_BRAND_ONBOARDING_CREATED,1
2021-06-18,ONBOARDING_READY,VIRTUAL_BRAND_ONBOARDING_UNDER_REVIEW,2
2021-06-19,ONBOARDING_READY,VIRTUAL_BRAND_ONBOARDING_UNDER_REVIEW,1
2021-06-20,ONBOARDING_READY,VIRTUAL_BRAND_ONBOARDING_UNDER_REVIEW,2
2021-06-21,ONBOARDING_READY,VIRTUAL_BRAND_ONBOARDING_APPROVED,2
2021-06-21,ONBOARDING_READY,VIRTUAL_BRAND_ONBOARDING_CHANGES_REQUESTED,1
2021-06-21,ONBOARDING_READY,VIRTUAL_BRAND_ONBOARDING_CREATED,35
2021-06-21,ONBOARDING_READY,VIRTUAL_BRAND_ONBOARDING_UNDER_REVIEW,2
2021-06-22,ONBOARDING_READY,VIRTUAL_BRAND_ONBOARDING_APPROVED,8
2021-06-22,ONBOARDING_READY,VIRTUAL_BRAND_ONBOARDING_CHANGES_REQUESTED,4
2021-06-22,ONBOARDING_READY,VIRTUAL_BRAND_ONBOARDING_COMPLETED,4
2021-06-22,ONBOARDING_READY,VIRTUAL_BRAND_ONBOARDING_CREATED,19
2021-06-22,ONBOARDING_READY,VIRTUAL_BRAND_ONBOARDING_STARTED,1
2021-06-22,ONBOARDING_READY,VIRTUAL_BRAND_ONBOARDING_UNDER_REVIEW,8
2021-06-23,ONBOARDING_READY,VIRTUAL_BRAND_ONBOARDING_APPROVED,2
2021-06-23,ONBOARDING_READY,VIRTUAL_BRAND_ONBOARDING_CHANGES_REQUESTED,1
2021-06-23,ONBOARDING_READY,VIRTUAL_BRAND_ONBOARDING_COMPLETED,1
2021-06-23,ONBOARDING_READY,VIRTUAL_BRAND_ONBOARDING_CREATED,15
2021-06-23,ONBOARDING_READY,VIRTUAL_BRAND_ONBOARDING_UNDER_REVIEW,6
2021-06-24,ONBOARDING_READY,VIRTUAL_BRAND_ONBOARDING_APPROVED,3
2021-06-24,ONBOARDING_READY,VIRTUAL_BRAND_ONBOARDING_CREATED,22
2021-06-24,ONBOARDING_READY,VIRTUAL_BRAND_ONBOARDING_UNDER_REVIEW,3
2021-06-25,ONBOARDING_READY,VIRTUAL_BRAND_ONBOARDING_APPROVED,9
2021-06-25,ONBOARDING_READY,VIRTUAL_BRAND_ONBOARDING_CREATED,13
2021-06-25,ONBOARDING_READY,VIRTUAL_BRAND_ONBOARDING_UNDER_REVIEW,1
2021-06-26,ONBOARDING_READY,VIRTUAL_BRAND_ONBOARDING_APPROVED,6
2021-06-26,ONBOARDING_READY,VIRTUAL_BRAND_ONBOARDING_COMPLETED,1
2021-06-27,ONBOARDING_READY,VIRTUAL_BRAND_ONBOARDING_UNDER_REVIEW,1
2021-06-28,ONBOARDING_READY,VIRTUAL_BRAND_ONBOARDING_APPROVED,13
2021-06-28,ONBOARDING_READY,VIRTUAL_BRAND_ONBOARDING_CHANGES_REQUESTED,1
2021-06-28,ONBOARDING_READY,VIRTUAL_BRAND_ONBOARDING_COMPLETED,1
2021-06-28,ONBOARDING_READY,VIRTUAL_BRAND_ONBOARDING_CREATED,15
2021-06-28,ONBOARDING_READY,VIRTUAL_BRAND_ONBOARDING_UNDER_REVIEW,8
2021-06-29,ONBOARDING_READY,VIRTUAL_BRAND_ONBOARDING_APPROVED,1
2021-06-29,ONBOARDING_READY,VIRTUAL_BRAND_ONBOARDING_COMPLETED,1
2021-06-29,ONBOARDING_READY,VIRTUAL_BRAND_ONBOARDING_CREATED,16
2021-06-29,ONBOARDING_READY,VIRTUAL_BRAND_ONBOARDING_UNDER_REVIEW,7
2021-06-30,ONBOARDING_READY,VIRTUAL_BRAND_ONBOARDING_APPROVED,6
2021-06-30,ONBOARDING_READY,VIRTUAL_BRAND_ONBOARDING_CHANGES_REQUESTED,1
2021-06-30,ONBOARDING_READY,VIRTUAL_BRAND_ONBOARDING_COMPLETED,4
2021-06-30,ONBOARDING_READY,VIRTUAL_BRAND_ONBOARDING_CREATED,30
2021-06-30,ONBOARDING_READY,VIRTUAL_BRAND_ONBOARDING_UNDER_REVIEW,5
2021-07-01,ONBOARDING_READY,VIRTUAL_BRAND_ONBOARDING_APPROVED,7
2021-07-01,ONBOARDING_READY,VIRTUAL_BRAND_ONBOARDING_CHANGES_REQUESTED,1
2021-07-01,ONBOARDING_READY,VIRTUAL_BRAND_ONBOARDING_CREATED,14
2021-07-01,ONBOARDING_READY,VIRTUAL_BRAND_ONBOARDING_UNDER_REVIEW,7
2021-07-02,ONBOARDING_READY,VIRTUAL_BRAND_ONBOARDING_APPROVED,2
2021-07-02,ONBOARDING_READY,VIRTUAL_BRAND_ONBOARDING_CREATED,4
2021-07-03,ONBOARDING_READY,VIRTUAL_BRAND_ONBOARDING_UNDER_REVIEW,1
2021-07-05,ONBOARDING_READY,VIRTUAL_BRAND_ONBOARDING_CREATED,1
2021-07-05,ONBOARDING_READY,VIRTUAL_BRAND_ONBOARDING_UNDER_REVIEW,1
2021-07-06,ONBOARDING_READY,VIRTUAL_BRAND_ONBOARDING_APPROVED,7
2021-07-06,ONBOARDING_READY,VIRTUAL_BRAND_ONBOARDING_COMPLETED,5
2021-07-06,ONBOARDING_READY,VIRTUAL_BRAND_ONBOARDING_CREATED,3
2021-07-06,ONBOARDING_READY,VIRTUAL_BRAND_ONBOARDING_UNDER_REVIEW,4
2021-07-07,ONBOARDING_READY,VIRTUAL_BRAND_ONBOARDING_APPROVED,13
2021-07-07,ONBOARDING_READY,VIRTUAL_BRAND_ONBOARDING_CHANGES_REQUESTED,1
2021-07-07,ONBOARDING_READY,VIRTUAL_BRAND_ONBOARDING_COMPLETED,4
2021-07-07,ONBOARDING_READY,VIRTUAL_BRAND_ONBOARDING_CREATED,48
2021-07-07,ONBOARDING_READY,VIRTUAL_BRAND_ONBOARDING_UNDER_REVIEW,9
2021-07-08,ONBOARDING_READY,VIRTUAL_BRAND_ONBOARDING_APPROVED,7
2021-07-08,ONBOARDING_READY,VIRTUAL_BRAND_ONBOARDING_COMPLETED,1
2021-07-08,ONBOARDING_READY,VIRTUAL_BRAND_ONBOARDING_CREATED,9
2021-07-08,ONBOARDING_READY,VIRTUAL_BRAND_ONBOARDING_UNDER_REVIEW,2
2021-07-09,ONBOARDING_READY,VIRTUAL_BRAND_ONBOARDING_APPROVED,4
2021-07-09,ONBOARDING_READY,VIRTUAL_BRAND_ONBOARDING_CREATED,4
2021-07-09,ONBOARDING_READY,VIRTUAL_BRAND_ONBOARDING_UNDER_REVIEW,4
2021-07-10,ONBOARDING_READY,VIRTUAL_BRAND_ONBOARDING_COMPLETED,2
2021-07-10,ONBOARDING_READY,VIRTUAL_BRAND_ONBOARDING_CREATED,4
2021-07-12,ONBOARDING_READY,VIRTUAL_BRAND_ONBOARDING_APPROVED,5
2021-07-12,ONBOARDING_READY,VIRTUAL_BRAND_ONBOARDING_CHANGES_REQUESTED,2
2021-07-12,ONBOARDING_READY,VIRTUAL_BRAND_ONBOARDING_CREATED,8
2021-07-12,ONBOARDING_READY,VIRTUAL_BRAND_ONBOARDING_UNDER_REVIEW,1
2021-07-13,ONBOARDING_READY,VIRTUAL_BRAND_ONBOARDING_APPROVED,4
2021-07-13,ONBOARDING_READY,VIRTUAL_BRAND_ONBOARDING_COMPLETED,1
2021-07-13,ONBOARDING_READY,VIRTUAL_BRAND_ONBOARDING_CREATED,19
2021-07-14,ONBOARDING_READY,VIRTUAL_BRAND_ONBOARDING_APPROVED,10
2021-07-14,ONBOARDING_READY,VIRTUAL_BRAND_ONBOARDING_CHANGES_REQUESTED,5
2021-07-14,ONBOARDING_READY,VIRTUAL_BRAND_ONBOARDING_COMPLETED,3
2021-07-14,ONBOARDING_READY,VIRTUAL_BRAND_ONBOARDING_CREATED,60
2021-07-14,ONBOARDING_READY,VIRTUAL_BRAND_ONBOARDING_UNDER_REVIEW,7
2021-07-15,ONBOARDING_READY,VIRTUAL_BRAND_ONBOARDING_APPROVED,11
2021-07-15,ONBOARDING_READY,VIRTUAL_BRAND_ONBOARDING_COMPLETED,2
2021-07-15,ONBOARDING_READY,VIRTUAL_BRAND_ONBOARDING_CREATED,38
2021-07-15,ONBOARDING_READY,VIRTUAL_BRAND_ONBOARDING_UNDER_REVIEW,19
2021-07-16,ONBOARDING_READY,VIRTUAL_BRAND_ONBOARDING_APPROVED,6
2021-07-16,ONBOARDING_READY,VIRTUAL_BRAND_ONBOARDING_COMPLETED,3
2021-07-16,ONBOARDING_READY,VIRTUAL_BRAND_ONBOARDING_CREATED,34
2021-07-16,ONBOARDING_READY,VIRTUAL_BRAND_ONBOARDING_UNDER_REVIEW,7
2021-07-17,ONBOARDING_READY,VIRTUAL_BRAND_ONBOARDING_APPROVED,1
2021-07-17,ONBOARDING_READY,VIRTUAL_BRAND_ONBOARDING_COMPLETED,1
2021-07-17,ONBOARDING_READY,VIRTUAL_BRAND_ONBOARDING_CREATED,1
2021-07-17,ONBOARDING_READY,VIRTUAL_BRAND_ONBOARDING_UNDER_REVIEW,3
2021-07-19,ONBOARDING_READY,VIRTUAL_BRAND_ONBOARDING_APPROVED,2
2021-07-19,ONBOARDING_READY,VIRTUAL_BRAND_ONBOARDING_CHANGES_REQUESTED,1
2021-07-19,ONBOARDING_READY,VIRTUAL_BRAND_ONBOARDING_COMPLETED,1
2021-07-19,ONBOARDING_READY,VIRTUAL_BRAND_ONBOARDING_CREATED,23
2021-07-19,ONBOARDING_READY,VIRTUAL_BRAND_ONBOARDING_UNDER_REVIEW,4
2021-07-20,ONBOARDING_READY,VIRTUAL_BRAND_ONBOARDING_APPROVED,2
2021-07-20,ONBOARDING_READY,VIRTUAL_BRAND_ONBOARDING_CREATED,15
2021-07-20,ONBOARDING_READY,VIRTUAL_BRAND_ONBOARDING_UNDER_REVIEW,7
2021-07-21,ONBOARDING_READY,VIRTUAL_BRAND_ONBOARDING_APPROVED,7
2021-07-21,ONBOARDING_READY,VIRTUAL_BRAND_ONBOARDING_COMPLETED,3
2021-07-21,ONBOARDING_READY,VIRTUAL_BRAND_ONBOARDING_CREATED,53
2021-07-21,ONBOARDING_READY,VIRTUAL_BRAND_ONBOARDING_UNDER_REVIEW,2
2021-07-22,ONBOARDING_READY,VIRTUAL_BRAND_ONBOARDING_APPROVED,3
2021-07-22,ONBOARDING_READY,VIRTUAL_BRAND_ONBOARDING_CHANGES_REQUESTED,1
2021-07-22,ONBOARDING_READY,VIRTUAL_BRAND_ONBOARDING_COMPLETED,3
2021-07-22,ONBOARDING_READY,VIRTUAL_BRAND_ONBOARDING_CREATED,6
2021-07-22,ONBOARDING_READY,VIRTUAL_BRAND_ONBOARDING_UNDER_REVIEW,3
2021-07-23,ONBOARDING_READY,VIRTUAL_BRAND_ONBOARDING_APPROVED,1
2021-07-23,ONBOARDING_READY,VIRTUAL_BRAND_ONBOARDING_CHANGES_REQUESTED,1
2021-07-23,ONBOARDING_READY,VIRTUAL_BRAND_ONBOARDING_COMPLETED,7
2021-07-23,ONBOARDING_READY,VIRTUAL_BRAND_ONBOARDING_CREATED,37
2021-07-23,ONBOARDING_READY,VIRTUAL_BRAND_ONBOARDING_UNDER_REVIEW,10
2021-07-24,ONBOARDING_READY,VIRTUAL_BRAND_ONBOARDING_APPROVED,1
2021-07-24,ONBOARDING_READY,VIRTUAL_BRAND_ONBOARDING_COMPLETED,2
2021-07-24,ONBOARDING_READY,VIRTUAL_BRAND_ONBOARDING_CREATED,3
2021-07-24,ONBOARDING_READY,VIRTUAL_BRAND_ONBOARDING_UNDER_REVIEW,1
2021-07-25,ONBOARDING_READY,VIRTUAL_BRAND_ONBOARDING_UNDER_REVIEW,1
2021-07-26,ONBOARDING_READY,VIRTUAL_BRAND_ONBOARDING_APPROVED,5
2021-07-26,ONBOARDING_READY,VIRTUAL_BRAND_ONBOARDING_CHANGES_REQUESTED,1
2021-07-26,ONBOARDING_READY,VIRTUAL_BRAND_ONBOARDING_CREATED,26
2021-07-26,ONBOARDING_READY,VIRTUAL_BRAND_ONBOARDING_UNDER_REVIEW,2
2021-07-27,ONBOARDING_READY,VIRTUAL_BRAND_ONBOARDING_APPROVED,5
2021-07-27,ONBOARDING_READY,VIRTUAL_BRAND_ONBOARDING_CHANGES_REQUESTED,2
2021-07-27,ONBOARDING_READY,VIRTUAL_BRAND_ONBOARDING_COMPLETED,9
2021-07-27,ONBOARDING_READY,VIRTUAL_BRAND_ONBOARDING_CREATED,32
2021-07-27,ONBOARDING_READY,VIRTUAL_BRAND_ONBOARDING_UNDER_REVIEW,6
2021-07-28,ONBOARDING_READY,VIRTUAL_BRAND_ONBOARDING_APPROVED,2
2021-07-28,ONBOARDING_READY,VIRTUAL_BRAND_ONBOARDING_CHANGES_REQUESTED,1
2021-07-28,ONBOARDING_READY,VIRTUAL_BRAND_ONBOARDING_COMPLETED,11
2021-07-28,ONBOARDING_READY,VIRTUAL_BRAND_ONBOARDING_CREATED,40
2021-07-28,ONBOARDING_READY,VIRTUAL_BRAND_ONBOARDING_UNDER_REVIEW,3
2021-07-29,ONBOARDING_READY,VIRTUAL_BRAND_ONBOARDING_APPROVED,8
2021-07-29,ONBOARDING_READY,VIRTUAL_BRAND_ONBOARDING_CHANGES_REQUESTED,1
2021-07-29,ONBOARDING_READY,VIRTUAL_BRAND_ONBOARDING_COMPLETED,7
2021-07-29,ONBOARDING_READY,VIRTUAL_BRAND_ONBOARDING_CREATED,25
2021-07-29,ONBOARDING_READY,VIRTUAL_BRAND_ONBOARDING_UNDER_REVIEW,5
2021-07-30,ONBOARDING_READY,VIRTUAL_BRAND_ONBOARDING_APPROVED,2
2021-07-30,ONBOARDING_READY,VIRTUAL_BRAND_ONBOARDING_CREATED,10
2021-07-30,ONBOARDING_READY,VIRTUAL_BRAND_ONBOARDING_UNDER_REVIEW,4
2021-08-02,ONBOARDING_READY,VIRTUAL_BRAND_ONBOARDING_APPROVED,9
2021-08-02,ONBOARDING_READY,VIRTUAL_BRAND_ONBOARDING_CHANGES_REQUESTED,1
2021-08-02,ONBOARDING_READY,VIRTUAL_BRAND_ONBOARDING_COMPLETED,9
2021-08-02,ONBOARDING_READY,VIRTUAL_BRAND_ONBOARDING_CREATED,1
2021-08-02,ONBOARDING_READY,VIRTUAL_BRAND_ONBOARDING_UNDER_REVIEW,6
2021-08-03,ONBOARDING_READY,VIRTUAL_BRAND_ONBOARDING_APPROVED,2
2021-08-03,ONBOARDING_READY,VIRTUAL_BRAND_ONBOARDING_COMPLETED,2
2021-08-03,ONBOARDING_READY,VIRTUAL_BRAND_ONBOARDING_CREATED,6
2021-08-03,ONBOARDING_READY,VIRTUAL_BRAND_ONBOARDING_UNDER_REVIEW,6
2021-08-04,ONBOARDING_READY,VIRTUAL_BRAND_ONBOARDING_APPROVED,11
2021-08-04,ONBOARDING_READY,VIRTUAL_BRAND_ONBOARDING_COMPLETED,7
2021-08-04,ONBOARDING_READY,VIRTUAL_BRAND_ONBOARDING_CREATED,71
2021-08-04,ONBOARDING_READY,VIRTUAL_BRAND_ONBOARDING_UNDER_REVIEW,9
2021-08-05,ONBOARDING_READY,VIRTUAL_BRAND_ONBOARDING_APPROVED,9
2021-08-05,ONBOARDING_READY,VIRTUAL_BRAND_ONBOARDING_CHANGES_REQUESTED,1
2021-08-05,ONBOARDING_READY,VIRTUAL_BRAND_ONBOARDING_COMPLETED,7
2021-08-05,ONBOARDING_READY,VIRTUAL_BRAND_ONBOARDING_CREATED,15
2021-08-05,ONBOARDING_READY,VIRTUAL_BRAND_ONBOARDING_UNDER_REVIEW,22
2021-08-06,ONBOARDING_READY,VIRTUAL_BRAND_ONBOARDING_APPROVED,3
2021-08-06,ONBOARDING_READY,VIRTUAL_BRAND_ONBOARDING_CHANGES_REQUESTED,1
2021-08-06,ONBOARDING_READY,VIRTUAL_BRAND_ONBOARDING_COMPLETED,11
2021-08-06,ONBOARDING_READY,VIRTUAL_BRAND_ONBOARDING_CREATED,18
2021-08-06,ONBOARDING_READY,VIRTUAL_BRAND_ONBOARDING_UNDER_REVIEW,5
2021-08-07,ONBOARDING_READY,VIRTUAL_BRAND_ONBOARDING_COMPLETED,1
2021-08-07,ONBOARDING_READY,VIRTUAL_BRAND_ONBOARDING_UNDER_REVIEW,1
2021-08-09,ONBOARDING_READY,VIRTUAL_BRAND_ONBOARDING_APPROVED,6
2021-08-09,ONBOARDING_READY,VIRTUAL_BRAND_ONBOARDING_COMPLETED,3
2021-08-09,ONBOARDING_READY,VIRTUAL_BRAND_ONBOARDING_CREATED,7
2021-08-09,ONBOARDING_READY,VIRTUAL_BRAND_ONBOARDING_UNDER_REVIEW,22
2021-08-10,ONBOARDING_READY,VIRTUAL_BRAND_ONBOARDING_APPROVED,24
2021-08-10,ONBOARDING_READY,VIRTUAL_BRAND_ONBOARDING_CHANGES_REQUESTED,3
2021-08-10,ONBOARDING_READY,VIRTUAL_BRAND_ONBOARDING_COMPLETED,16
2021-08-10,ONBOARDING_READY,VIRTUAL_BRAND_ONBOARDING_CREATED,30
2021-08-10,ONBOARDING_READY,VIRTUAL_BRAND_ONBOARDING_UNDER_REVIEW,2
2021-08-11,ONBOARDING_READY,VIRTUAL_BRAND_ONBOARDING_APPROVED,2
2021-08-11,ONBOARDING_READY,VIRTUAL_BRAND_ONBOARDING_CHANGES_REQUESTED,1
2021-08-11,ONBOARDING_READY,VIRTUAL_BRAND_ONBOARDING_COMPLETED,7
2021-08-11,ONBOARDING_READY,VIRTUAL_BRAND_ONBOARDING_CREATED,33
2021-08-11,ONBOARDING_READY,VIRTUAL_BRAND_ONBOARDING_UNDER_REVIEW,3
2021-08-12,ONBOARDING_READY,VIRTUAL_BRAND_ONBOARDING_APPROVED,9
2021-08-12,ONBOARDING_READY,VIRTUAL_BRAND_ONBOARDING_CHANGES_REQUESTED,1
2021-08-12,ONBOARDING_READY,VIRTUAL_BRAND_ONBOARDING_COMPLETED,21
2021-08-12,ONBOARDING_READY,VIRTUAL_BRAND_ONBOARDING_CREATED,14
2021-08-12,ONBOARDING_READY,VIRTUAL_BRAND_ONBOARDING_UNDER_REVIEW,6
2021-08-13,ONBOARDING_READY,VIRTUAL_BRAND_ONBOARDING_APPROVED,10
2021-08-13,ONBOARDING_READY,VIRTUAL_BRAND_ONBOARDING_CHANGES_REQUESTED,2
2021-08-13,ONBOARDING_READY,VIRTUAL_BRAND_ONBOARDING_COMPLETED,9
2021-08-13,ONBOARDING_READY,VIRTUAL_BRAND_ONBOARDING_CREATED,44
2021-08-13,ONBOARDING_READY,VIRTUAL_BRAND_ONBOARDING_UNDER_REVIEW,12
2021-08-14,ONBOARDING_READY,VIRTUAL_BRAND_ONBOARDING_APPROVED,4
2021-08-14,ONBOARDING_READY,VIRTUAL_BRAND_ONBOARDING_COMPLETED,1
2021-08-16,ONBOARDING_READY,VIRTUAL_BRAND_ONBOARDING_APPROVED,8
2021-08-16,ONBOARDING_READY,VIRTUAL_BRAND_ONBOARDING_COMPLETED,11
2021-08-16,ONBOARDING_READY,VIRTUAL_BRAND_ONBOARDING_CREATED,19
2021-08-16,ONBOARDING_READY,VIRTUAL_BRAND_ONBOARDING_UNDER_REVIEW,11
2021-08-17,ONBOARDING_READY,VIRTUAL_BRAND_ONBOARDING_APPROVED,12
2021-08-17,ONBOARDING_READY,VIRTUAL_BRAND_ONBOARDING_COMPLETED,11
2021-08-17,ONBOARDING_READY,VIRTUAL_BRAND_ONBOARDING_CREATED,59
2021-08-17,ONBOARDING_READY,VIRTUAL_BRAND_ONBOARDING_UNDER_REVIEW,11
2021-08-18,ONBOARDING_READY,VIRTUAL_BRAND_ONBOARDING_APPROVED,6
2021-08-18,ONBOARDING_READY,VIRTUAL_BRAND_ONBOARDING_COMPLETED,16
2021-08-18,ONBOARDING_READY,VIRTUAL_BRAND_ONBOARDING_CREATED,40
2021-08-18,ONBOARDING_READY,VIRTUAL_BRAND_ONBOARDING_UNDER_REVIEW,8
2021-08-19,ONBOARDING_READY,VIRTUAL_BRAND_ONBOARDING_APPROVED,9
2021-08-19,ONBOARDING_READY,VIRTUAL_BRAND_ONBOARDING_CHANGES_REQUESTED,1
2021-08-19,ONBOARDING_READY,VIRTUAL_BRAND_ONBOARDING_COMPLETED,14
2021-08-19,ONBOARDING_READY,VIRTUAL_BRAND_ONBOARDING_CREATED,32
2021-08-19,ONBOARDING_READY,VIRTUAL_BRAND_ONBOARDING_UNDER_REVIEW,7
2021-08-20,ONBOARDING_READY,VIRTUAL_BRAND_ONBOARDING_APPROVED,8
2021-08-20,ONBOARDING_READY,VIRTUAL_BRAND_ONBOARDING_COMPLETED,2
2021-08-20,ONBOARDING_READY,VIRTUAL_BRAND_ONBOARDING_CREATED,29
2021-08-20,ONBOARDING_READY,VIRTUAL_BRAND_ONBOARDING_UNDER_REVIEW,8
2021-08-21,ONBOARDING_READY,VIRTUAL_BRAND_ONBOARDING_APPROVED,1
2021-08-21,ONBOARDING_READY,VIRTUAL_BRAND_ONBOARDING_COMPLETED,3
2021-08-21,ONBOARDING_READY,VIRTUAL_BRAND_ONBOARDING_CREATED,2
2021-08-21,ONBOARDING_READY,VIRTUAL_BRAND_ONBOARDING_UNDER_REVIEW,1
2021-08-23,ONBOARDING_READY,VIRTUAL_BRAND_ONBOARDING_APPROVED,7
2021-08-23,ONBOARDING_READY,VIRTUAL_BRAND_ONBOARDING_CHANGES_REQUESTED,1
2021-08-23,ONBOARDING_READY,VIRTUAL_BRAND_ONBOARDING_COMPLETED,5
2021-08-23,ONBOARDING_READY,VIRTUAL_BRAND_ONBOARDING_CREATED,52
2021-08-23,ONBOARDING_READY,VIRTUAL_BRAND_ONBOARDING_UNDER_REVIEW,13
2021-08-24,ONBOARDING_READY,VIRTUAL_BRAND_ONBOARDING_APPROVED,6
2021-08-24,ONBOARDING_READY,VIRTUAL_BRAND_ONBOARDING_CHANGES_REQUESTED,1
2021-08-24,ONBOARDING_READY,VIRTUAL_BRAND_ONBOARDING_COMPLETED,7
2021-08-24,ONBOARDING_READY,VIRTUAL_BRAND_ONBOARDING_CREATED,42
2021-08-24,ONBOARDING_READY,VIRTUAL_BRAND_ONBOARDING_UNDER_REVIEW,4
2021-08-25,ONBOARDING_READY,VIRTUAL_BRAND_ONBOARDING_COMPLETED,7
2021-08-25,ONBOARDING_READY,VIRTUAL_BRAND_ONBOARDING_CREATED,16
2021-08-25,ONBOARDING_READY,VIRTUAL_BRAND_ONBOARDING_UNDER_REVIEW,4
2021-08-26,ONBOARDING_READY,VIRTUAL_BRAND_ONBOARDING_APPROVED,11
2021-08-26,ONBOARDING_READY,VIRTUAL_BRAND_ONBOARDING_CHANGES_REQUESTED,1
2021-08-26,ONBOARDING_READY,VIRTUAL_BRAND_ONBOARDING_COMPLETED,12
2021-08-26,ONBOARDING_READY,VIRTUAL_BRAND_ONBOARDING_CREATED,27
2021-08-26,ONBOARDING_READY,VIRTUAL_BRAND_ONBOARDING_UNDER_REVIEW,6
2021-08-27,ONBOARDING_READY,VIRTUAL_BRAND_ONBOARDING_APPROVED,4
2021-08-27,ONBOARDING_READY,VIRTUAL_BRAND_ONBOARDING_COMPLETED,9
2021-08-27,ONBOARDING_READY,VIRTUAL_BRAND_ONBOARDING_CREATED,2
2021-08-27,ONBOARDING_READY,VIRTUAL_BRAND_ONBOARDING_UNDER_REVIEW,2
2021-08-28,ONBOARDING_READY,VIRTUAL_BRAND_ONBOARDING_UNDER_REVIEW,2
2021-08-29,ONBOARDING_READY,VIRTUAL_BRAND_ONBOARDING_CREATED,5
2021-08-29,ONBOARDING_READY,VIRTUAL_BRAND_ONBOARDING_UNDER_REVIEW,1
2021-08-30,ONBOARDING_READY,VIRTUAL_BRAND_ONBOARDING_APPROVED,1
2021-08-30,ONBOARDING_READY,VIRTUAL_BRAND_ONBOARDING_COMPLETED,12
2021-08-30,ONBOARDING_READY,VIRTUAL_BRAND_ONBOARDING_CREATED,33
2021-08-30,ONBOARDING_READY,VIRTUAL_BRAND_ONBOARDING_UNDER_REVIEW,5
2021-08-31,ONBOARDING_READY,VIRTUAL_BRAND_ONBOARDING_APPROVED,13
2021-08-31,ONBOARDING_READY,VIRTUAL_BRAND_ONBOARDING_CHANGES_REQUESTED,2
2021-08-31,ONBOARDING_READY,VIRTUAL_BRAND_ONBOARDING_COMPLETED,6
2021-08-31,ONBOARDING_READY,VIRTUAL_BRAND_ONBOARDING_CREATED,36
2021-08-31,ONBOARDING_READY,VIRTUAL_BRAND_ONBOARDING_UNDER_REVIEW,5
2021-09-01,ONBOARDING_READY,VIRTUAL_BRAND_ONBOARDING_APPROVED,3
2021-09-01,ONBOARDING_READY,VIRTUAL_BRAND_ONBOARDING_COMPLETED,4
2021-09-01,ONBOARDING_READY,VIRTUAL_BRAND_ONBOARDING_CREATED,18
2021-09-01,ONBOARDING_READY,VIRTUAL_BRAND_ONBOARDING_UNDER_REVIEW,3
2021-09-02,ONBOARDING_READY,VIRTUAL_BRAND_ONBOARDING_APPROVED,2
2021-09-02,ONBOARDING_READY,VIRTUAL_BRAND_ONBOARDING_COMPLETED,6
2021-09-02,ONBOARDING_READY,VIRTUAL_BRAND_ONBOARDING_CREATED,13
2021-09-02,ONBOARDING_READY,VIRTUAL_BRAND_ONBOARDING_UNDER_REVIEW,4
2021-09-03,ONBOARDING_READY,VIRTUAL_BRAND_ONBOARDING_APPROVED,3
2021-09-03,ONBOARDING_READY,VIRTUAL_BRAND_ONBOARDING_CHANGES_REQUESTED,1
2021-09-03,ONBOARDING_READY,VIRTUAL_BRAND_ONBOARDING_COMPLETED,1
2021-09-03,ONBOARDING_READY,VIRTUAL_BRAND_ONBOARDING_CREATED,11
2021-09-03,ONBOARDING_READY,VIRTUAL_BRAND_ONBOARDING_UNDER_REVIEW,1
2021-09-07,ONBOARDING_READY,VIRTUAL_BRAND_ONBOARDING_APPROVED,2
2021-09-07,ONBOARDING_READY,VIRTUAL_BRAND_ONBOARDING_COMPLETED,1
2021-09-07,ONBOARDING_READY,VIRTUAL_BRAND_ONBOARDING_CREATED,38
2021-09-07,ONBOARDING_READY,VIRTUAL_BRAND_ONBOARDING_UNDER_REVIEW,5
2021-09-08,ONBOARDING_READY,VIRTUAL_BRAND_ONBOARDING_APPROVED,6
2021-09-08,ONBOARDING_READY,VIRTUAL_BRAND_ONBOARDING_COMPLETED,1
2021-09-08,ONBOARDING_READY,VIRTUAL_BRAND_ONBOARDING_CREATED,59
2021-09-08,ONBOARDING_READY,VIRTUAL_BRAND_ONBOARDING_UNDER_REVIEW,3
2021-09-09,ONBOARDING_READY,VIRTUAL_BRAND_ONBOARDING_APPROVED,2
2021-09-09,ONBOARDING_READY,VIRTUAL_BRAND_ONBOARDING_CHANGES_REQUESTED,2
2021-09-09,ONBOARDING_READY,VIRTUAL_BRAND_ONBOARDING_COMPLETED,5
2021-09-09,ONBOARDING_READY,VIRTUAL_BRAND_ONBOARDING_CREATED,40
2021-09-09,ONBOARDING_READY,VIRTUAL_BRAND_ONBOARDING_UNDER_REVIEW,3
2021-09-10,ONBOARDING_READY,VIRTUAL_BRAND_ONBOARDING_COMPLETED,1
2021-09-10,ONBOARDING_READY,VIRTUAL_BRAND_ONBOARDING_CREATED,34
2021-09-10,ONBOARDING_READY,VIRTUAL_BRAND_ONBOARDING_UNDER_REVIEW,24
2021-09-11,ONBOARDING_READY,VIRTUAL_BRAND_ONBOARDING_APPROVED,1
2021-09-11,ONBOARDING_READY,VIRTUAL_BRAND_ONBOARDING_COMPLETED,1
2021-09-13,ONBOARDING_READY,VIRTUAL_BRAND_ONBOARDING_APPROVED,2
2021-09-13,ONBOARDING_READY,VIRTUAL_BRAND_ONBOARDING_COMPLETED,8
2021-09-13,ONBOARDING_READY,VIRTUAL_BRAND_ONBOARDING_CREATED,20
2021-09-13,ONBOARDING_READY,VIRTUAL_BRAND_ONBOARDING_UNDER_REVIEW,1
2021-09-14,ONBOARDING_READY,VIRTUAL_BRAND_ONBOARDING_APPROVED,3
2021-09-14,ONBOARDING_READY,VIRTUAL_BRAND_ONBOARDING_COMPLETED,3
2021-09-14,ONBOARDING_READY,VIRTUAL_BRAND_ONBOARDING_CREATED,74
2021-09-14,ONBOARDING_READY,VIRTUAL_BRAND_ONBOARDING_UNDER_REVIEW,22
2021-09-15,ONBOARDING_READY,VIRTUAL_BRAND_ONBOARDING_APPROVED,3
2021-09-15,ONBOARDING_READY,VIRTUAL_BRAND_ONBOARDING_CREATED,32
2021-09-15,ONBOARDING_READY,VIRTUAL_BRAND_ONBOARDING_STARTED,1
2021-09-15,ONBOARDING_READY,VIRTUAL_BRAND_ONBOARDING_UNDER_REVIEW,6
2021-09-16,ONBOARDING_READY,VIRTUAL_BRAND_ONBOARDING_APPROVED,2
2021-09-16,ONBOARDING_READY,VIRTUAL_BRAND_ONBOARDING_CHANGES_REQUESTED,1
2021-09-16,ONBOARDING_READY,VIRTUAL_BRAND_ONBOARDING_CREATED,63
2021-09-16,ONBOARDING_READY,VIRTUAL_BRAND_ONBOARDING_UNDER_REVIEW,10
2021-09-17,ONBOARDING_READY,VIRTUAL_BRAND_ONBOARDING_CHANGES_REQUESTED,1
2021-09-17,ONBOARDING_READY,VIRTUAL_BRAND_ONBOARDING_COMPLETED,2
2021-09-17,ONBOARDING_READY,VIRTUAL_BRAND_ONBOARDING_CREATED,31
2021-09-17,ONBOARDING_READY,VIRTUAL_BRAND_ONBOARDING_UNDER_REVIEW,11
2021-09-18,ONBOARDING_READY,VIRTUAL_BRAND_ONBOARDING_UNDER_REVIEW,1
2021-09-20,ONBOARDING_READY,VIRTUAL_BRAND_ONBOARDING_APPROVED,4
2021-09-20,ONBOARDING_READY,VIRTUAL_BRAND_ONBOARDING_CHANGES_REQUESTED,1
2021-09-20,ONBOARDING_READY,VIRTUAL_BRAND_ONBOARDING_COMPLETED,9
2021-09-20,ONBOARDING_READY,VIRTUAL_BRAND_ONBOARDING_CREATED,72
2021-09-20,ONBOARDING_READY,VIRTUAL_BRAND_ONBOARDING_UNDER_REVIEW,11
2021-09-21,ONBOARDING_READY,VIRTUAL_BRAND_ONBOARDING_APPROVED,5
2021-09-21,ONBOARDING_READY,VIRTUAL_BRAND_ONBOARDING_CHANGES_REQUESTED,3
2021-09-21,ONBOARDING_READY,VIRTUAL_BRAND_ONBOARDING_COMPLETED,5
2021-09-21,ONBOARDING_READY,VIRTUAL_BRAND_ONBOARDING_CREATED,111
2021-09-21,ONBOARDING_READY,VIRTUAL_BRAND_ONBOARDING_UNDER_REVIEW,16
2021-09-22,ONBOARDING_READY,VIRTUAL_BRAND_ONBOARDING_APPROVED,13
2021-09-22,ONBOARDING_READY,VIRTUAL_BRAND_ONBOARDING_CHANGES_REQUESTED,2
2021-09-22,ONBOARDING_READY,VIRTUAL_BRAND_ONBOARDING_COMPLETED,6
2021-09-22,ONBOARDING_READY,VIRTUAL_BRAND_ONBOARDING_CREATED,56
2021-09-22,ONBOARDING_READY,VIRTUAL_BRAND_ONBOARDING_UNDER_REVIEW,8
2021-09-23,ONBOARDING_READY,VIRTUAL_BRAND_ONBOARDING_APPROVED,3
2021-09-23,ONBOARDING_READY,VIRTUAL_BRAND_ONBOARDING_CHANGES_REQUESTED,1
2021-09-23,ONBOARDING_READY,VIRTUAL_BRAND_ONBOARDING_COMPLETED,2
2021-09-23,ONBOARDING_READY,VIRTUAL_BRAND_ONBOARDING_CREATED,51
2021-09-23,ONBOARDING_READY,VIRTUAL_BRAND_ONBOARDING_UNDER_REVIEW,23
2021-09-24,ONBOARDING_READY,VIRTUAL_BRAND_ONBOARDING_CREATED,22
2021-09-24,ONBOARDING_READY,VIRTUAL_BRAND_ONBOARDING_UNDER_REVIEW,1
